SQL> ----------------------------------------------------------------
SQL> 
SQL> --Includes a TRANSACTION table as per the specification that uses the business logic of the model.
SQL> CREATE TABLE transaction
  2  (
  3  transaction_id	   NUMBER
  4  , transaction_account   varchar(15) not null
  5  , transaction_type      number not null
  6  , transaction_date      date not null
  7  , transaction_amount    number not null
  8  , rental_id	     number not null
  9  , payment_method_type   number not null
 10  , payment_account_number  varchar(19) not null
 11  , created_by		   NUMBER NOT NULL
 12  , creation_date		   DATE NOT NULL
 13  , last_updated_by		   NUMBER NOT NULL
 14  , last_update_date 	   DATE NOT NULL
 15  , CONSTRAINT pk_transaction    PRIMARY KEY(transaction_id)
 16  , CONSTRAINT fk_transaction_1  FOREIGN KEY(created_by) REFERENCES system_user(system_user_id)
 17  , CONSTRAINT fk_transaction_2  FOREIGN KEY(last_updated_by) REFERENCES system_user(system_user_id)
 18  , CONSTRAINT fk_transaction_3  FOREIGN KEY(transaction_type) REFERENCES common_lookup(common_lookup_id)
 19  , CONSTRAINT fk_transaction_4  FOREIGN KEY(rental_id) REFERENCES rental(rental_id)
 20  , CONSTRAINT fk_transaction_5  FOREIGN KEY(payment_method_type) REFERENCES common_lookup(common_lookup_id)
 21  );

Table created.

SQL> 
SQL> CREATE SEQUENCE transaction_s1 START WITH 1;

Sequence created.

SQL> 
SQL> COLUMN table_name	 FORMAT A14  HEADING "Table Name"
SQL> COLUMN column_id	 FORMAT 9999 HEADING "Column ID"
SQL> COLUMN column_name  FORMAT A22  HEADING "Column Name"
SQL> COLUMN nullable	 FORMAT A8   HEADING "Nullable"
SQL> COLUMN data_type	 FORMAT A12  HEADING "Data Type"
SQL> SELECT   table_name
  2  ,	      column_id
  3  ,	      column_name
  4  ,	      CASE
  5  		WHEN nullable = 'N' THEN 'NOT NULL'
  6  		ELSE ''
  7  	      END AS nullable
  8  ,	      CASE
  9  		WHEN data_type IN ('CHAR','VARCHAR2','NUMBER') THEN
 10  		  data_type||'('||data_length||')'
 11  		ELSE
 12  		  data_type
 13  	      END AS data_type
 14  FROM     user_tab_columns
 15  WHERE    table_name = 'TRANSACTION'
 16  ORDER BY 2;

Table Name     Column ID Column Name            Nullable Data Type              
-------------- --------- ---------------------- -------- ------------           
TRANSACTION            1 TRANSACTION_ID         NOT NULL NUMBER(22)             
TRANSACTION            2 TRANSACTION_ACCOUNT    NOT NULL VARCHAR2(15)           
TRANSACTION            3 TRANSACTION_TYPE       NOT NULL NUMBER(22)             
TRANSACTION            4 TRANSACTION_DATE       NOT NULL DATE                   
TRANSACTION            5 TRANSACTION_AMOUNT     NOT NULL NUMBER(22)             
TRANSACTION            6 RENTAL_ID              NOT NULL NUMBER(22)             
TRANSACTION            7 PAYMENT_METHOD_TYPE    NOT NULL NUMBER(22)             
TRANSACTION            8 PAYMENT_ACCOUNT_NUMBER NOT NULL VARCHAR2(19)           
TRANSACTION            9 CREATED_BY             NOT NULL NUMBER(22)             
TRANSACTION           10 CREATION_DATE          NOT NULL DATE                   
TRANSACTION           11 LAST_UPDATED_BY        NOT NULL NUMBER(22)             
TRANSACTION           12 LAST_UPDATE_DATE       NOT NULL DATE                   

12 rows selected.

SQL> 
SQL> 
SQL> CREATE UNIQUE INDEX natural_key ON transaction (rental_id, transaction_type, transaction_date, payment_method_type, payment_account_number, transaction_account);

Index created.

SQL> 
SQL> COLUMN table_name	     FORMAT A12  HEADING "Table Name"
SQL> COLUMN index_name	     FORMAT A16  HEADING "Index Name"
SQL> COLUMN uniqueness	     FORMAT A8	 HEADING "Unique"
SQL> COLUMN column_position  FORMAT 9999 HEADING "Column Position"
SQL> COLUMN column_name      FORMAT A24  HEADING "Column Name"
SQL> SELECT   i.table_name
  2  ,	      i.index_name
  3  ,	      i.uniqueness
  4  ,	      ic.column_position
  5  ,	      ic.column_name
  6  FROM     user_indexes i INNER JOIN user_ind_columns ic
  7  ON       i.index_name = ic.index_name
  8  WHERE    i.table_name = 'TRANSACTION'
  9  AND      i.uniqueness = 'UNIQUE'
 10  AND      i.index_name = 'NATURAL_KEY';

Table Name   Index Name       Unique   Column Position Column Name              
------------ ---------------- -------- --------------- ------------------------ 
TRANSACTION  NATURAL_KEY      UNIQUE                 1 RENTAL_ID                
TRANSACTION  NATURAL_KEY      UNIQUE                 2 TRANSACTION_TYPE         
TRANSACTION  NATURAL_KEY      UNIQUE                 3 TRANSACTION_DATE         
TRANSACTION  NATURAL_KEY      UNIQUE                 4 PAYMENT_METHOD_TYPE      
TRANSACTION  NATURAL_KEY      UNIQUE                 5 PAYMENT_ACCOUNT_NUMBER   
TRANSACTION  NATURAL_KEY      UNIQUE                 6 TRANSACTION_ACCOUNT      

6 rows selected.

SQL> 
SQL> --Insert the following nine rows into the COMMON_LOOKUP table with valid who-audit column data.
SQL> --After you insert the RENTAL_ITEM_TYPE column values, update the existing values in the RENTAL_ITEM_TYPE
SQL> --column of the RENTAL_ITEM table to point to the new COMMON_LOOKUP_ID column value.
SQL> insert into common_lookup (common_lookup_id, common_lookup_table, common_lookup_column, common_lookup_type, common_lookup_meaning, common_lookup_code, created_by, creation_date, last_updated_by, last_update_date)
  2  values (common_lookup_s1.nextval, 'TRANSACTION', 'TRANSACTION_TYPE', 'CREDIT', 'Credit', 'CR', 1, sysdate, 1, sysdate);

1 row created.

SQL> 
SQL> insert into common_lookup (common_lookup_id, common_lookup_table, common_lookup_column, common_lookup_type, common_lookup_meaning, common_lookup_code, created_by, creation_date, last_updated_by, last_update_date)
  2  values (common_lookup_s1.nextval, 'TRANSACTION', 'TRANSACTION_TYPE', 'DEBIT', 'Debit', 'DR', 1, sysdate, 1, sysdate);

1 row created.

SQL> 
SQL> insert into common_lookup (common_lookup_id, common_lookup_table, common_lookup_column, common_lookup_type, common_lookup_meaning, created_by, creation_date, last_updated_by, last_update_date)
  2  values (common_lookup_s1.nextval, 'TRANSACTION', 'PAYMENT_METHOD_TYPE', 'DISCOVER_CARD', 'Discover Card', 1, sysdate, 1, sysdate);

1 row created.

SQL> 
SQL> insert into common_lookup (common_lookup_id, common_lookup_table, common_lookup_column, common_lookup_type, common_lookup_meaning, created_by, creation_date, last_updated_by, last_update_date)
  2  values (common_lookup_s1.nextval, 'TRANSACTION', 'PAYMENT_METHOD_TYPE', 'VISA_CARD', 'Visa Card', 1, sysdate, 1, sysdate);

1 row created.

SQL> 
SQL> insert into common_lookup (common_lookup_id, common_lookup_table, common_lookup_column, common_lookup_type, common_lookup_meaning, created_by, creation_date, last_updated_by, last_update_date)
  2  values (common_lookup_s1.nextval, 'TRANSACTION', 'PAYMENT_METHOD_TYPE', 'MASTER_CARD', 'Master Card', 1, sysdate, 1, sysdate);

1 row created.

SQL> 
SQL> insert into common_lookup (common_lookup_id, common_lookup_table, common_lookup_column, common_lookup_type, common_lookup_meaning, created_by, creation_date, last_updated_by, last_update_date)
  2  values (common_lookup_s1.nextval, 'TRANSACTION', 'PAYMENT_METHOD_TYPE', 'CASH', 'Cash', 1, sysdate, 1, sysdate);

1 row created.

SQL> 
SQL> COLUMN common_lookup_table  FORMAT A20 HEADING "COMMON_LOOKUP_TABLE"
SQL> COLUMN common_lookup_column FORMAT A20 HEADING "COMMON_LOOKUP_COLUMN"
SQL> COLUMN common_lookup_type	 FORMAT A20 HEADING "COMMON_LOOKUP_TYPE"
SQL> SELECT   common_lookup_table
  2  ,	      common_lookup_column
  3  ,	      common_lookup_type
  4  FROM     common_lookup
  5  WHERE    common_lookup_table = 'TRANSACTION'
  6  AND      common_lookup_column IN ('TRANSACTION_TYPE','PAYMENT_METHOD_TYPE')
  7  ORDER BY 1, 2, 3 DESC;

COMMON_LOOKUP_TABLE  COMMON_LOOKUP_COLUMN COMMON_LOOKUP_TYPE                    
-------------------- -------------------- --------------------                  
TRANSACTION          PAYMENT_METHOD_TYPE  VISA_CARD                             
TRANSACTION          PAYMENT_METHOD_TYPE  MASTER_CARD                           
TRANSACTION          PAYMENT_METHOD_TYPE  DISCOVER_CARD                         
TRANSACTION          PAYMENT_METHOD_TYPE  CASH                                  
TRANSACTION          TRANSACTION_TYPE     DEBIT                                 
TRANSACTION          TRANSACTION_TYPE     CREDIT                                

6 rows selected.

SQL> 
SQL> 
SQL> --Create the following AIRPORT and ACCOUNT_LIST tables as per the specification, but do so understanding the business logic of the model.
SQL> CREATE TABLE airport
  2  (
  3  airport_id        NUMBER
  4  , airport_code	     varchar(3) not null
  5  , airport_city	     varchar(30) not null
  6  , city		     varchar(30) not null
  7  , state_province	     varchar(30) not null
  8  , created_by		   NUMBER NOT NULL
  9  , creation_date		   DATE NOT NULL
 10  , last_updated_by		   NUMBER NOT NULL
 11  , last_update_date 	   DATE NOT NULL
 12  , CONSTRAINT pk_airport	PRIMARY KEY(airport_id)
 13  , CONSTRAINT fk_airport_1	FOREIGN KEY(created_by) REFERENCES system_user(system_user_id)
 14  , CONSTRAINT fk_airport_2	FOREIGN KEY(last_updated_by) REFERENCES system_user(system_user_id)
 15  );

Table created.

SQL> 
SQL> CREATE SEQUENCE airport_s1 START WITH 1;

Sequence created.

SQL> 
SQL> COLUMN table_name	 FORMAT A14  HEADING "Table Name"
SQL> COLUMN column_id	 FORMAT 9999 HEADING "Column ID"
SQL> COLUMN column_name  FORMAT A22  HEADING "Column Name"
SQL> COLUMN nullable	 FORMAT A8   HEADING "Nullable"
SQL> COLUMN data_type	 FORMAT A12  HEADING "Data Type"
SQL> SELECT   table_name
  2  ,	      column_id
  3  ,	      column_name
  4  ,	      CASE
  5  		WHEN nullable = 'N' THEN 'NOT NULL'
  6  		ELSE ''
  7  	      END AS nullable
  8  ,	      CASE
  9  		WHEN data_type IN ('CHAR','VARCHAR2','NUMBER') THEN
 10  		  data_type||'('||data_length||')'
 11  		ELSE
 12  		  data_type
 13  	      END AS data_type
 14  FROM     user_tab_columns
 15  WHERE    table_name = 'AIRPORT'
 16  ORDER BY 2;

Table Name     Column ID Column Name            Nullable Data Type              
-------------- --------- ---------------------- -------- ------------           
AIRPORT                1 AIRPORT_ID             NOT NULL NUMBER(22)             
AIRPORT                2 AIRPORT_CODE           NOT NULL VARCHAR2(3)            
AIRPORT                3 AIRPORT_CITY           NOT NULL VARCHAR2(30)           
AIRPORT                4 CITY                   NOT NULL VARCHAR2(30)           
AIRPORT                5 STATE_PROVINCE         NOT NULL VARCHAR2(30)           
AIRPORT                6 CREATED_BY             NOT NULL NUMBER(22)             
AIRPORT                7 CREATION_DATE          NOT NULL DATE                   
AIRPORT                8 LAST_UPDATED_BY        NOT NULL NUMBER(22)             
AIRPORT                9 LAST_UPDATE_DATE       NOT NULL DATE                   

9 rows selected.

SQL> 
SQL> 
SQL> CREATE UNIQUE INDEX nk_airport ON airport (airport_code, airport_city, city, state_province);

Index created.

SQL> 
SQL> COLUMN table_name	     FORMAT A12  HEADING "Table Name"
SQL> COLUMN index_name	     FORMAT A16  HEADING "Index Name"
SQL> COLUMN uniqueness	     FORMAT A8	 HEADING "Unique"
SQL> COLUMN column_position  FORMAT 9999 HEADING "Column Position"
SQL> COLUMN column_name      FORMAT A24  HEADING "Column Name"
SQL> SELECT   i.table_name
  2  ,	      i.index_name
  3  ,	      i.uniqueness
  4  ,	      ic.column_position
  5  ,	      ic.column_name
  6  FROM     user_indexes i INNER JOIN user_ind_columns ic
  7  ON       i.index_name = ic.index_name
  8  WHERE    i.table_name = 'AIRPORT'
  9  AND      i.uniqueness = 'UNIQUE'
 10  AND      i.index_name = 'NK_AIRPORT';

Table Name   Index Name       Unique   Column Position Column Name              
------------ ---------------- -------- --------------- ------------------------ 
AIRPORT      NK_AIRPORT       UNIQUE                 1 AIRPORT_CODE             
AIRPORT      NK_AIRPORT       UNIQUE                 2 AIRPORT_CITY             
AIRPORT      NK_AIRPORT       UNIQUE                 3 CITY                     
AIRPORT      NK_AIRPORT       UNIQUE                 4 STATE_PROVINCE           

4 rows selected.

SQL> 
SQL> 
SQL> insert into airport (airport_id, airport_code, airport_city, city, state_province, created_by, creation_date, last_updated_by, last_update_date)
  2  values (airport_s1.nextval, 'LAX', 'Los Angeles', 'Los Angeles', 'California', 1, sysdate, 1, sysdate);

1 row created.

SQL> 
SQL> insert into airport (airport_id, airport_code, airport_city, city, state_province, created_by, creation_date, last_updated_by, last_update_date)
  2  values (airport_s1.nextval, 'SLC', 'Salt Lake City', 'Provo', 'Utah', 1, sysdate, 1, sysdate);

1 row created.

SQL> 
SQL> insert into airport (airport_id, airport_code, airport_city, city, state_province, created_by, creation_date, last_updated_by, last_update_date)
  2  values (airport_s1.nextval, 'SLC', 'Salt Lake City', 'Spanish Fork', 'Utah', 1, sysdate, 1, sysdate);

1 row created.

SQL> 
SQL> insert into airport (airport_id, airport_code, airport_city, city, state_province, created_by, creation_date, last_updated_by, last_update_date)
  2  values (airport_s1.nextval, 'SFO', 'SAn Francisco', 'San Francisco', 'California', 1, sysdate, 1, sysdate);

1 row created.

SQL> 
SQL> insert into airport (airport_id, airport_code, airport_city, city, state_province, created_by, creation_date, last_updated_by, last_update_date)
  2  values (airport_s1.nextval, 'SJC', 'San Jose', 'San Jose', 'California', 1, sysdate, 1, sysdate);

1 row created.

SQL> 
SQL> insert into airport (airport_id, airport_code, airport_city, city, state_province, created_by, creation_date, last_updated_by, last_update_date)
  2  values (airport_s1.nextval, 'SJC', 'San Jose', 'San Carlos', 'California', 1, sysdate, 1, sysdate);

1 row created.

SQL> 
SQL> COLUMN code	   FORMAT A4  HEADING "Code"
SQL> COLUMN airport_city   FORMAT A14 HEADING "Airport City"
SQL> COLUMN city	   FORMAT A14 HEADING "City"
SQL> COLUMN state_province FORMAT A10 HEADING "State or|Province"
SQL> SELECT   airport_code AS code
  2  ,	      airport_city
  3  ,	      city
  4  ,	      state_province
  5  FROM     airport;

                                   State or                                     
Code Airport City   City           Province                                     
---- -------------- -------------- ----------                                   
LAX  Los Angeles    Los Angeles    California                                   
SFO  SAn Francisco  San Francisco  California                                   
SJC  San Jose       San Carlos     California                                   
SJC  San Jose       San Jose       California                                   
SLC  Salt Lake City Provo          Utah                                         
SLC  Salt Lake City Spanish Fork   Utah                                         

6 rows selected.

SQL> 
SQL> 
SQL> CREATE TABLE account_list
  2  (
  3  account_list_id	    NUMBER
  4  , account_number	     varchar(10) not null
  5  , consumed_date	     date
  6  , consumed_by	     number
  7  , created_by		   NUMBER NOT NULL
  8  , creation_date		   DATE NOT NULL
  9  , last_updated_by		   NUMBER NOT NULL
 10  , last_update_date 	   DATE NOT NULL
 11  , CONSTRAINT pk_account_list    PRIMARY KEY(account_list_id)
 12  , CONSTRAINT fk_account_list_1  FOREIGN KEY(created_by) REFERENCES system_user(system_user_id)
 13  , CONSTRAINT fk_account_list_2  FOREIGN KEY(last_updated_by) REFERENCES system_user(system_user_id)
 14  , CONSTRAINT fk_account_list_3  FOREIGN KEY(consumed_by) REFERENCES system_user(system_user_id)
 15  );

Table created.

SQL> 
SQL> CREATE SEQUENCE account_list_s1 START WITH 1;

Sequence created.

SQL> 
SQL> COLUMN table_name	 FORMAT A14
SQL> COLUMN column_id	 FORMAT 9999
SQL> COLUMN column_name  FORMAT A22
SQL> COLUMN data_type	 FORMAT A12
SQL> SELECT   table_name
  2  ,	      column_id
  3  ,	      column_name
  4  ,	      CASE
  5  		WHEN nullable = 'N' THEN 'NOT NULL'
  6  		ELSE ''
  7  	      END AS nullable
  8  ,	      CASE
  9  		WHEN data_type IN ('CHAR','VARCHAR2','NUMBER') THEN
 10  		  data_type||'('||data_length||')'
 11  		ELSE
 12  		  data_type
 13  	      END AS data_type
 14  FROM     user_tab_columns
 15  WHERE    table_name = 'ACCOUNT_LIST'
 16  ORDER BY 2;

Table Name     Column ID Column Name            Nullable Data Type              
-------------- --------- ---------------------- -------- ------------           
ACCOUNT_LIST           1 ACCOUNT_LIST_ID        NOT NULL NUMBER(22)             
ACCOUNT_LIST           2 ACCOUNT_NUMBER         NOT NULL VARCHAR2(10)           
ACCOUNT_LIST           3 CONSUMED_DATE                   DATE                   
ACCOUNT_LIST           4 CONSUMED_BY                     NUMBER(22)             
ACCOUNT_LIST           5 CREATED_BY             NOT NULL NUMBER(22)             
ACCOUNT_LIST           6 CREATION_DATE          NOT NULL DATE                   
ACCOUNT_LIST           7 LAST_UPDATED_BY        NOT NULL NUMBER(22)             
ACCOUNT_LIST           8 LAST_UPDATE_DATE       NOT NULL DATE                   

8 rows selected.

SQL> 
SQL> 
SQL> -- Create or replace seeding procedure.
SQL> CREATE OR REPLACE PROCEDURE seed_account_list IS
  2    /* Declare variable to capture table, and column. */
  3    lv_table_name   VARCHAR2(90);
  4    lv_column_name  VARCHAR2(30);
  5  
  6    /* Declare an exception variable and PRAGMA map. */
  7    not_null_column	EXCEPTION;
  8    PRAGMA EXCEPTION_INIT(not_null_column,-1400);
  9  
 10  BEGIN
 11    /* Set savepoint. */
 12    SAVEPOINT all_or_none;
 13  
 14    FOR i IN (SELECT DISTINCT airport_code FROM airport) LOOP
 15  	 FOR j IN 1..50 LOOP
 16  
 17  	   INSERT INTO account_list
 18  	   VALUES
 19  	   ( account_list_s1.NEXTVAL
 20  	   , i.airport_code||'-'||LPAD(j,6,'0')
 21  	   , NULL
 22  	   , NULL
 23  	   , 2
 24  	   , SYSDATE
 25  	   , 2
 26  	   , SYSDATE);
 27  	 END LOOP;
 28    END LOOP;
 29  
 30    /* Commit the writes as a group. */
 31    COMMIT;
 32  
 33  EXCEPTION
 34    WHEN not_null_column THEN
 35  	 /* Capture the table and column name that triggered the error. */
 36  	 lv_table_name := (TRIM(BOTH '"' FROM RTRIM(REGEXP_SUBSTR(SQLERRM,'".*\."',REGEXP_INSTR(SQLERRM,'\.',1,1)),'."')));
 37  	 lv_column_name := (TRIM(BOTH '"' FROM REGEXP_SUBSTR(SQLERRM,'".*"',REGEXP_INSTR(SQLERRM,'\.',1,2))));
 38  
 39  	 /* This undoes all DML statements to this point in the procedure. */
 40  	 ROLLBACK TO SAVEPOINT all_or_none;
 41  	 RAISE_APPLICATION_ERROR(
 42  	    -20001
 43  	   ,'Remove the NOT NULL contraint from the '||lv_column_name||' column in'||CHR(10)||' the '||lv_table_name||' table.');
 44    WHEN OTHERS THEN
 45  	 /* This undoes all DML statements to this point in the procedure. */
 46  	 ROLLBACK TO SAVEPOINT all_or_none;
 47  END;
 48  /

Procedure created.

SQL> 
SQL> EXECUTE seed_account_list();

PL/SQL procedure successfully completed.

SQL> 
SQL> COLUMN object_name FORMAT A18
SQL> COLUMN object_type FORMAT A12
SQL> SELECT   object_name
  2  ,	      object_type
  3  FROM     user_objects
  4  WHERE    object_name = 'SEED_ACCOUNT_LIST';

OBJECT_NAME        OBJECT_TYPE                                                  
------------------ ------------                                                 
SEED_ACCOUNT_LIST  PROCEDURE                                                    

1 row selected.

SQL> 
SQL> --SELECT COUNT(*) FROM account_list;
SQL> 
SQL> COLUMN airport FORMAT A7
SQL> SELECT   SUBSTR(account_number,1,3) AS "Airport"
  2  ,	      COUNT(*) AS "# Accounts"
  3  FROM     account_list
  4  WHERE    consumed_date IS NULL
  5  GROUP BY SUBSTR(account_number,1,3)
  6  ORDER BY 1;

Airport # Accounts                                                              
------- ----------                                                              
LAX             50                                                              
SFO             50                                                              
SJC             50                                                              
SLC             50                                                              

4 rows selected.

SQL> 
SQL> 
SQL> UPDATE address
  2  SET    state_province = 'California'
  3  WHERE  state_province = 'CA';

7 rows updated.

SQL> 
SQL> CREATE OR REPLACE PROCEDURE update_member_account IS
  2  
  3    /* Declare a local variable. */
  4    lv_account_number VARCHAR2(10);
  5  
  6    /* Declare a SQL cursor fabricated from local variables. */
  7    CURSOR member_cursor IS
  8  	 SELECT   DISTINCT
  9  		  m.member_id
 10  	 ,	  a.city
 11  	 ,	  a.state_province
 12  	 FROM	  member m INNER JOIN contact c
 13  	 ON	  m.member_id = c.member_id INNER JOIN address a
 14  	 ON	  c.contact_id = a.contact_id
 15  	 ORDER BY m.member_id;
 16  
 17  BEGIN
 18  
 19    /* Set savepoint. */
 20    SAVEPOINT all_or_none;
 21  
 22    /* Open a local cursor. */
 23    FOR i IN member_cursor LOOP
 24  
 25  	   /* Secure a unique account number as they are consumed from the list. */
 26  	   SELECT al.account_number
 27  	   INTO   lv_account_number
 28  	   FROM   account_list al INNER JOIN airport ap
 29  	   ON	  SUBSTR(al.account_number,1,3) = ap.airport_code
 30  	   WHERE  ap.city = i.city
 31  	   AND	  ap.state_province = i.state_province
 32  	   AND	  consumed_by IS NULL
 33  	   AND	  consumed_date IS NULL
 34  	   AND	  ROWNUM < 2;
 35  
 36  	   /* Update a member with a unique account number linked to their nearest airport. */
 37  	   UPDATE member
 38  	   SET	  account_number = lv_account_number
 39  	   WHERE  member_id = i.member_id;
 40  
 41  	   /* Mark consumed the last used account number. */
 42  	   UPDATE account_list
 43  	   SET	  consumed_by = 2
 44  	   ,	  consumed_date = SYSDATE
 45  	   WHERE  account_number = lv_account_number;
 46  
 47    END LOOP;
 48  
 49    /* Commit the writes as a group. */
 50    COMMIT;
 51  
 52  EXCEPTION
 53    WHEN NO_DATA_FOUND THEN
 54  	 dbms_output.put_line('You have an error in your AIRPORT table inserts.');
 55  
 56  	 /* This undoes all DML statements to this point in the procedure. */
 57  	 ROLLBACK TO SAVEPOINT all_or_none;
 58    WHEN OTHERS THEN
 59  	 /* This undoes all DML statements to this point in the procedure. */
 60  	 ROLLBACK TO SAVEPOINT all_or_none;
 61  END;
 62  /

Procedure created.

SQL> 
SQL> COLUMN object_name FORMAT A22
SQL> COLUMN object_type FORMAT A12
SQL> SELECT   object_name
  2  ,	      object_type
  3  FROM     user_objects
  4  WHERE    object_name = 'UPDATE_MEMBER_ACCOUNT';

OBJECT_NAME            OBJECT_TYPE                                              
---------------------- ------------                                             
UPDATE_MEMBER_ACCOUNT  PROCEDURE                                                

1 row selected.

SQL> 
SQL> EXECUTE update_member_account();

PL/SQL procedure successfully completed.

SQL> 
SQL> -- Format the SQL statement display.
SQL> COLUMN member_id	   FORMAT 999999 HEADING "Member|ID #"
SQL> COLUMN last_name	   FORMAT A7	 HEADING "Last|Name"
SQL> COLUMN account_number FORMAT A10	 HEADING "Account|Number"
SQL> COLUMN acity	   FORMAT A12	 HEADING "Address City"
SQL> COLUMN apcode	   FORMAT A8	 HEADING "Airport|State or|Province"
SQL> COLUMN alcode	   FORMAT A8	 HEADING "Airport|Code"
SQL> 
SQL> -- Query distinct members and addresses.
SQL> SELECT   DISTINCT
  2  	      m.member_id
  3  ,	      c.last_name
  4  ,	      m.account_number
  5  ,	      a.city AS acity
  6  ,	      ap.state_province AS apstate
  7  ,	      SUBSTR(al.account_number,1,3) AS alcode
  8  FROM     member m INNER JOIN contact c
  9  ON       m.member_id = c.member_id INNER JOIN address a
 10  ON       c.contact_id = a.contact_id INNER JOIN airport ap
 11  ON       a.city = ap.city
 12  AND      a.state_province = ap.state_province INNER JOIN account_list al
 13  ON       ap.airport_code = SUBSTR(al.account_number,1,3)
 14  ORDER BY 1;

 Member Last    Account                                                Airport  
   ID # Name    Number     Address City APSTATE                        Code     
------- ------- ---------- ------------ ------------------------------ -------- 
   1001 Winn    SJC-000001 San Jose     California                     SJC      
   1002 Vizquel SJC-000002 San Jose     California                     SJC      
   1003 Sweeney SJC-000003 San Jose     California                     SJC      
   1004 Clinton SLC-000001 Provo        Utah                           SLC      
   1005 Moss    SLC-000002 Provo        Utah                           SLC      
   1006 Gretelz SLC-000003 Provo        Utah                           SLC      
   1007 Royal   SLC-000004 Provo        Utah                           SLC      
   1008 Smith   SLC-000005 Spanish Fork Utah                           SLC      
   1009 Potter  SLC-000006 Provo        Utah                           SLC      
   1010 Potter  SLC-000007 Provo        Utah                           SLC      
   1011 Potter  SLC-000008 Provo        Utah                           SLC      

11 rows selected.

SQL> 
SQL> 
SQL> 
SQL> --Create the following TRANSACTION_UPLOAD table as per the specification, but do so understanding the business logic of the model.
SQL> 
SQL> CREATE TABLE transaction_upload
  2  (
  3  account_number	     varchar(10)
  4  , first_name	     varchar(20)
  5  , middle_name	     varchar(20)
  6  , last_name	     varchar(20)
  7  , check_out_date	     date
  8  , return_date	     date
  9  , return_item_type      varchar(12)
 10  , transaction_type      varchar(14)
 11  , transaction_amount    number
 12  , transaction_date      date
 13  , item_id		     number
 14  , payment_method_type   varchar(14)
 15  , payment_account_number  varchar(19))
 16  ORGANIZATION EXTERNAL
 17  (
 18  	     TYPE oracle_loader
 19  	     DEFAULT DIRECTORY upload
 20  	     ACCESS PARAMETERS
 21  	     (
 22  		     RECORDS DELIMITED BY NEWLINE CHARACTERSET US7ASCII
 23  		     BADFILE 'UPLOAD':'transaction_upload.bad'
 24  		     DISCARDFILE 'UPLOAD':'transaction_upload.dis'
 25  		     LOGFILE 'UPLOAD':'transaction_upload.log'
 26  		     FIELDS TERMINATED BY ','
 27  		     OPTIONALLY ENCLOSED BY "'"
 28  		     MISSING FIELD VALUES ARE NULL
 29  	     )
 30  	     LOCATION ('transaction_upload.csv')
 31  )
 32  REJECT LIMIT UNLIMITED;

Table created.

SQL> 
SQL> -- apparently we're supposed to skip this part????
SQL> --CREATE DIRECTORY upload AS '/u01/app/oracle/upload';
SQL> 
SQL> -- ran as system user
SQL> --GRANT READ, WRITE ON DIRECTORY upload TO student;
SQL> 
SQL> -- Enables the display of the full statement.
SQL> SET LONG 200000
SQL> SELECT   dbms_metadata.get_ddl('TABLE','TRANSACTION_UPLOAD') AS "Table Description"
  2  FROM     dual;

Table Description                                                               
--------------------------------------------------------------------------------
                                                                                
  CREATE TABLE "STUDENT"."TRANSACTION_UPLOAD"                                   
   (	"ACCOUNT_NUMBER" VARCHAR2(10),                                             
	"FIRST_NAME" VARCHAR2(20),                                                     
	"MIDDLE_NAME" VARCHAR2(20),                                                    
	"LAST_NAME" VARCHAR2(20),                                                      
	"CHECK_OUT_DATE" DATE,                                                         
	"RETURN_DATE" DATE,                                                            
	"RETURN_ITEM_TYPE" VARCHAR2(12),                                               
	"TRANSACTION_TYPE" VARCHAR2(14),                                               
	"TRANSACTION_AMOUNT" NUMBER,                                                   
	"TRANSACTION_DATE" DATE,                                                       
	"ITEM_ID" NUMBER,                                                              
	"PAYMENT_METHOD_TYPE" VARCHAR2(14),                                            
	"PAYMENT_ACCOUNT_NUMBER" VARCHAR2(19)                                          
   )                                                                            
   ORGANIZATION EXTERNAL                                                        
    ( TYPE ORACLE_LOADER                                                        
      DEFAULT DIRECTORY "UPLOAD"                                                
      ACCESS PARAMETERS                                                         
      ( RECORDS DELIMITED BY NEWLINE CHARA                                      
CTERSET US7ASCII                                                                
		BADFILE 'UPLOAD':'transaction_upload.bad'                                     
                                                                                
		DISCARDFILE 'UPLOAD':'transaction_upload.dis'                                 
		LOGFILE 'UPLOAD':'transaction_upload.log'                                     
		FIELDS TERMINATED BY ','                                                      
		OPTIONALLY ENCLOSED BY "'"                                                    
		MISSING FIELD VALUES ARE NULL                                                 
	    )                                                                          
      LOCATION                                                                  
       ( 'transaction_upload.csv'                                               
       )                                                                        
    )                                                                           
   REJECT LIMIT UNLIMITED                                                       
                                                                                

1 row selected.

SQL> 
SQL> SELECT   COUNT(*) AS "External Rows"
  2  FROM     transaction_upload;

External Rows                                                                   
-------------                                                                   
        11520                                                                   

1 row selected.

SQL> 
SQL> 
SQL> 
SQL> ----------------------------------------------------------------
SQL> SPOOL OFF
